Workbook
Name ALIQ_AUTONOMO: Parâmetros!$C$5
Name ALIQ_EMPRESA: Parâmetros!$C$6

Sheet Dashboard
B2: DASHBOARD — RESUMO ANUAL DE PAGAMENTOS DE RPA
B3: Ano: 2025 | Atualização automática a partir das abas mensais
B5: MÊS | C5: VALOR DOS SERVIÇOS | D5: INSS DESCONTADO | E5: INSS DA EMPRESA | F5: VALOR LÍQUIDO PAGO | G5: Nº DE PRESTADORES
B6: Janeiro | C6: ='RPA-Jan2025'!E14 -> 4850 | D6: ='RPA-Jan2025'!F14 -> 533.5 | E6: ='RPA-Jan2025'!G14 -> 970 | F6: ='RPA-Jan2025'!H14 -> 4316.5 | G6: =COUNTIF('RPA-Jan2025'!C6:C13,"?*") -> 4
B7: Fevereiro | C7: ='RPA-Fev2025'!E14 -> 5910 | D7: ='RPA-Fev2025'!F14 -> 650.1 | E7: ='RPA-Fev2025'!G14 -> 1182 | F7: ='RPA-Fev2025'!H14 -> 5259.9 | G7: =COUNTIF('RPA-Fev2025'!C6:C13,"?*") -> 4
B8: Março | C8: ='RPA-Mar2025'!E14 -> 6280 | D8: ='RPA-Mar2025'!F14 -> 690.8 | E8: ='RPA-Mar2025'!G14 -> 1256 | F8: ='RPA-Mar2025'!H14 -> 5589.2 | G8: =COUNTIF('RPA-Mar2025'!C6:C13,"?*") -> 6
B9: Abril | C9: ='RPA-Abr2025'!E14 -> 7930 | D9: ='RPA-Abr2025'!F14 -> 872.3 | E9: ='RPA-Abr2025'!G14 -> 1586 | F9: ='RPA-Abr2025'!H14 -> 7057.7 | G9: =COUNTIF('RPA-Abr2025'!C6:C13,"?*") -> 7
B10: Maio | C10: ='RPA-Mai2025'!E14 -> 6850 | D10: ='RPA-Mai2025'!F14 -> 753.5 | E10: ='RPA-Mai2025'!G14 -> 1370 | F10: ='RPA-Mai2025'!H14 -> 6096.5 | G10: =COUNTIF('RPA-Mai2025'!C6:C13,"?*") -> 6
B11: Junho | C11: ='RPA-Jun2025'!E14 -> 8450 | D11: ='RPA-Jun2025'!F14 -> 929.5 | E11: ='RPA-Jun2025'!G14 -> 1690 | F11: ='RPA-Jun2025'!H14 -> 7520.5 | G11: =COUNTIF('RPA-Jun2025'!C6:C13,"?*") -> 6
B12: Julho | C12: ='RPA-Jul2025'!E14 -> 9130 | D12: ='RPA-Jul2025'!F14 -> 1004.3 | E12: ='RPA-Jul2025'!G14 -> 1826 | F12: ='RPA-Jul2025'!H14 -> 8125.7 | G12: =COUNTIF('RPA-Jul2025'!C6:C13,"?*") -> 7
B13: Agosto | C13: ='RPA-Ago2025'!E14 -> 8190 | D13: ='RPA-Ago2025'!F14 -> 900.9 | E13: ='RPA-Ago2025'!G14 -> 1638 | F13: ='RPA-Ago2025'!H14 -> 7289.1 | G13: =COUNTIF('RPA-Ago2025'!C6:C13,"?*") -> 6
B14: Setembro | C14: ='RPA-Set2025'!E14 -> 4650 | D14: ='RPA-Set2025'!F14 -> 511.5 | E14: ='RPA-Set2025'!G14 -> 930 | F14: ='RPA-Set2025'!H14 -> 4138.5 | G14: =COUNTIF('RPA-Set2025'!C6:C13,"?*") -> 4
B15: Outubro | C15: ='RPA-Out2025'!E14 -> 3340 | D15: ='RPA-Out2025'!F14 -> 367.4 | E15: ='RPA-Out2025'!G14 -> 668 | F15: ='RPA-Out2025'!H14 -> 2972.6 | G15: =COUNTIF('RPA-Out2025'!C6:C13,"?*") -> 4
B16: Novembro | C16: ='RPA-Nov2025'!E14 -> 8880 | D16: ='RPA-Nov2025'!F14 -> 976.8 | E16: ='RPA-Nov2025'!G14 -> 1776 | F16: ='RPA-Nov2025'!H14 -> 7903.2 | G16: =COUNTIF('RPA-Nov2025'!C6:C13,"?*") -> 7
B17: Dezembro | C17: ='RPA-Dez2025'!E14 -> 5360 | D17: ='RPA-Dez2025'!F14 -> 589.6 | E17: ='RPA-Dez2025'!G14 -> 1072 | F17: ='RPA-Dez2025'!H14 -> 4770.4 | G17: =COUNTIF('RPA-Dez2025'!C6:C13,"?*") -> 5
B18: TOTAL DO ANO | C18: =SUM(C6:C17) -> 79820 | D18: =SUM(D6:D17) -> 8780.2 | E18: =SUM(E6:E17) -> 15964 | F18: =SUM(F6:F17) -> 71039.8 | G18: =SUM(G6:G17) -> 66
B20: Mês de maior faturamento: | C20: =INDEX(B6:B17,MATCH(MAX(C6:C17),C6:C17,0)) -> Julho
B21: Ticket médio por prestador: | C21: =C18/G18 -> 1209.3939

Sheet Parâmetros
A1: PARÂMETROS DO SISTEMA — CONTROLE DE RPA
A2: Ano de referência: 2025 | Editar apenas as células em azul
B4: Alíquotas de INSS
B5: INSS descontado do autônomo | C5: 0.11
B6: INSS contribuição da empresa | C6: 0.2
B8: Dados da Empresa
B9: Razão Social | C9: Empresa Modelo LTDA
B10: CNPJ | C10: 00.000.000/0001-00

Sheet RPA-Jan2025
B2: RELATÓRIO DE PAGAMENTO DE RPA | F2: Mês / Ano
F3: 45658
B5: DATA | C5: NOME DO PRESTADOR | D5: CPF | E5: VALOR DO SERVIÇO | F5: INSS DESCONTADO | G5: INSS DA EMPRESA | H5: VALOR LÍQUIDO A PAGAR
B6: 45661 | C6: Ana Souza | D6: 123.456.789-01 | E6: 850 | F6: =E6*ALIQ_AUTONOMO -> 93.5 | G6: =E6*ALIQ_EMPRESA -> 170 | H6: =E6-F6 -> 756.5
B7: 45662 | C7: Marcos Vieira | D7: 333.444.555-66 | E7: 1750 | F7: =E7*ALIQ_AUTONOMO -> 192.5 | G7: =E7*ALIQ_EMPRESA -> 350 | H7: =E7-F7 -> 1557.5
B8: 45663 | C8: Fernanda Costa | D8: 567.891.234-05 | E8: 1600 | F8: =E8*ALIQ_AUTONOMO -> 176 | G8: =E8*ALIQ_EMPRESA -> 320 | H8: =E8-F8 -> 1424
B9: 45667 | C9: Diego Alves | D9: 456.789.123-04 | E9: 650 | F9: =E9*ALIQ_AUTONOMO -> 71.5 | G9: =E9*ALIQ_EMPRESA -> 130 | H9: =E9-F9 -> 578.5
F10: =E10*ALIQ_AUTONOMO -> 0 | G10: =E10*ALIQ_EMPRESA -> 0 | H10: =E10-F10 -> 0
F11: =E11*ALIQ_AUTONOMO -> 0 | G11: =E11*ALIQ_EMPRESA -> 0 | H11: =E11-F11 -> 0
F12: =E12*ALIQ_AUTONOMO -> 0 | G12: =E12*ALIQ_EMPRESA -> 0 | H12: =E12-F12 -> 0
F13: =E13*ALIQ_AUTONOMO -> 0 | G13: =E13*ALIQ_EMPRESA -> 0 | H13: =E13-F13 -> 0
B14: TOTAL DO PERÍODO | E14: =SUM(E6:E13) -> 4850 | F14: =SUM(F6:F13) -> 533.5 | G14: =SUM(G6:G13) -> 970 | H14: =SUM(H6:H13) -> 4316.5

Sheet RPA-Fev2025
B2: RELATÓRIO DE PAGAMENTO DE RPA | F2: Mês / Ano
F3: 45689
B5: DATA | C5: NOME DO PRESTADOR | D5: CPF | E5: VALOR DO SERVIÇO | F5: INSS DESCONTADO | G5: INSS DA EMPRESA | H5: VALOR LÍQUIDO A PAGAR
B6: 45691 | C6: Bruno Lima | D6: 234.567.891-02 | E6: 1480 | F6: =E6*ALIQ_AUTONOMO -> 162.8 | G6: =E6*ALIQ_EMPRESA -> 296 | H6: =E6-F6 -> 1317.2
B7: 45693 | C7: Diego Alves | D7: 456.789.123-04 | E7: 1900 | F7: =E7*ALIQ_AUTONOMO -> 209 | G7: =E7*ALIQ_EMPRESA -> 380 | H7: =E7-F7 -> 1691
B8: 45697 | C8: Natália Farias | D8: 444.555.666-77 | E8: 930 | F8: =E8*ALIQ_AUTONOMO -> 102.3 | G8: =E8*ALIQ_EMPRESA -> 186 | H8: =E8-F8 -> 827.7
B9: 45701 | C9: Juliana Prado | D9: 912.345.678-09 | E9: 1600 | F9: =E9*ALIQ_AUTONOMO -> 176 | G9: =E9*ALIQ_EMPRESA -> 320 | H9: =E9-F9 -> 1424
F10: =E10*ALIQ_AUTONOMO -> 0 | G10: =E10*ALIQ_EMPRESA -> 0 | H10: =E10-F10 -> 0
F11: =E11*ALIQ_AUTONOMO -> 0 | G11: =E11*ALIQ_EMPRESA -> 0 | H11: =E11-F11 -> 0
F12: =E12*ALIQ_AUTONOMO -> 0 | G12: =E12*ALIQ_EMPRESA -> 0 | H12: =E12-F12 -> 0
F13: =E13*ALIQ_AUTONOMO -> 0 | G13: =E13*ALIQ_EMPRESA -> 0 | H13: =E13-F13 -> 0
B14: TOTAL DO PERÍODO | E14: =SUM(E6:E13) -> 5910 | F14: =SUM(F6:F13) -> 650.1 | G14: =SUM(G6:G13) -> 1182 | H14: =SUM(H6:H13) -> 5259.9
B15: Alíquotas aplicadas: INSS autônomo = Parâmetros!C5 | INSS empresa = Parâmetros!C6

Sheet RPA-Mar2025
B2: RELATÓRIO DE PAGAMENTO DE RPA | F2: Mês / Ano
F3: 45717
B5: DATA | C5: NOME DO PRESTADOR | D5: CPF | E5: VALOR DO SERVIÇO | F5: INSS DESCONTADO | G5: INSS DA EMPRESA | H5: VALOR LÍQUIDO A PAGAR
B6: 45720 | C6: Natália Farias | D6: 444.555.666-77 | E6: 930 | F6: =E6*ALIQ_AUTONOMO -> 102.3 | G6: =E6*ALIQ_EMPRESA -> 186 | H6: =E6-F6 -> 827.7
B7: 45723 | C7: Ana Souza | D7: 123.456.789-01 | E7: 780 | F7: =E7*ALIQ_AUTONOMO -> 85.8 | G7: =E7*ALIQ_EMPRESA -> 156 | H7: =E7-F7 -> 694.2
B8: 45724 | C8: Carla Mendes | D8: 345.678.912-03 | E8: 1200 | F8: =E8*ALIQ_AUTONOMO -> 132 | G8: =E8*ALIQ_EMPRESA -> 240 | H8: =E8-F8 -> 1068
B9: 45725 | C9: Helena Dias | D9: 789.123.456-07 | E9: 1120 | F9: =E9*ALIQ_AUTONOMO -> 123.2 | G9: =E9*ALIQ_EMPRESA -> 224 | H9: =E9-F9 -> 996.8
B10: 45728 | C10: Gustavo Rocha | D10: 678.912.345-06 | E10: 1600 | F10: =E10*ALIQ_AUTONOMO -> 176 | G10: =E10*ALIQ_EMPRESA -> 320 | H10: =E10-F10 -> 1424
B11: 45731 | C11: Fernanda Costa | D11: 567.891.234-05 | E11: 650 | F11: =E11*ALIQ_AUTONOMO -> 71.5 | G11: =E11*ALIQ_EMPRESA -> 130 | H11: =E11-F11 -> 578.5
F12: =E12*ALIQ_AUTONOMO -> 0 | G12: =E12*ALIQ_EMPRESA -> 0 | H12: =E12-F12 -> 0
F13: =E13*ALIQ_AUTONOMO -> 0 | G13: =E13*ALIQ_EMPRESA -> 0 | H13: =E13-F13 -> 0
B14: TOTAL DO PERÍODO | E14: =SUM(E6:E13) -> 6280 | F14: =SUM(F6:F13) -> 690.8 | G14: =SUM(G6:G13) -> 1256 | H14: =SUM(H6:H13) -> 5589.2
B15: Alíquotas aplicadas: INSS autônomo = Parâmetros!C5 | INSS empresa = Parâmetros!C6

Sheet RPA-Abr2025
B2: RELATÓRIO DE PAGAMENTO DE RPA | F2: Mês / Ano
F3: 45748
B5: DATA | C5: NOME DO PRESTADOR | D5: CPF | E5: VALOR DO SERVIÇO | F5: INSS DESCONTADO | G5: INSS DA EMPRESA | H5: VALOR LÍQUIDO A PAGAR
B6: 45751 | C6: Juliana Prado | D6: 912.345.678-09 | E6: 1900 | F6: =E6*ALIQ_AUTONOMO -> 209 | G6: =E6*ALIQ_EMPRESA -> 380 | H6: =E6-F6 -> 1691
B7: 45752 | C7: Bruno Lima | D7: 234.567.891-02 | E7: 650 | F7: =E7*ALIQ_AUTONOMO -> 71.5 | G7: =E7*ALIQ_EMPRESA -> 130 | H7: =E7-F7 -> 578.5
B8: 45754 | C8: Helena Dias | D8: 789.123.456-07 | E8: 1050 | F8: =E8*ALIQ_AUTONOMO -> 115.5 | G8: =E8*ALIQ_EMPRESA -> 210 | H8: =E8-F8 -> 934.5
B9: 45755 | C9: Natália Farias | D9: 444.555.666-77 | E9: 930 | F9: =E9*ALIQ_AUTONOMO -> 102.3 | G9: =E9*ALIQ_EMPRESA -> 186 | H9: =E9-F9 -> 827.7
B10: 45756 | C10: Otávio Ramos | D10: 555.666.777-88 | E10: 1200 | F10: =E10*ALIQ_AUTONOMO -> 132 | G10: =E10*ALIQ_EMPRESA -> 240 | H10: =E10-F10 -> 1068
B11: 45759 | C11: Fernanda Costa | D11: 567.891.234-05 | E11: 1350 | F11: =E11*ALIQ_AUTONOMO -> 148.5 | G11: =E11*ALIQ_EMPRESA -> 270 | H11: =E11-F11 -> 1201.5
B12: 45762 | C12: Gustavo Rocha | D12: 678.912.345-06 | E12: 850 | F12: =E12*ALIQ_AUTONOMO -> 93.5 | G12: =E12*ALIQ_EMPRESA -> 170 | H12: =E12-F12 -> 756.5
F13: =E13*ALIQ_AUTONOMO -> 0 | G13: =E13*ALIQ_EMPRESA -> 0 | H13: =E13-F13 -> 0
B14: TOTAL DO PERÍODO | E14: =SUM(E6:E13) -> 7930 | F14: =SUM(F6:F13) -> 872.3 | G14: =SUM(G6:G13) -> 1586 | H14: =SUM(H6:H13) -> 7057.7
B15: Alíquotas aplicadas: INSS autônomo = Parâmetros!C5 | INSS empresa = Parâmetros!C6

Sheet RPA-Mai2025
B2: RELATÓRIO DE PAGAMENTO DE RPA | F2: Mês / Ano
F3: 45778
B5: DATA | C5: NOME DO PRESTADOR | D5: CPF | E5: VALOR DO SERVIÇO | F5: INSS DESCONTADO | G5: INSS DA EMPRESA | H5: VALOR LÍQUIDO A PAGAR
B6: 45781 | C6: Gustavo Rocha | D6: 678.912.345-06 | E6: 850 | F6: =E6*ALIQ_AUTONOMO -> 93.5 | G6: =E6*ALIQ_EMPRESA -> 170 | H6: =E6-F6 -> 756.5
B7: 45785 | C7: Diego Alves | D7: 456.789.123-04 | E7: 1200 | F7: =E7*ALIQ_AUTONOMO -> 132 | G7: =E7*ALIQ_EMPRESA -> 240 | H7: =E7-F7 -> 1068
B8: 45788 | C8: Larissa Melo | D8: 222.333.444-55 | E8: 1750 | F8: =E8*ALIQ_AUTONOMO -> 192.5 | G8: =E8*ALIQ_EMPRESA -> 350 | H8: =E8-F8 -> 1557.5
B9: 45790 | C9: Fernanda Costa | D9: 567.891.234-05 | E9: 1750 | F9: =E9*ALIQ_AUTONOMO -> 192.5 | G9: =E9*ALIQ_EMPRESA -> 350 | H9: =E9-F9 -> 1557.5
B10: 45793 | C10: Bruno Lima | D10: 234.567.891-02 | E10: 650 | F10: =E10*ALIQ_AUTONOMO -> 71.5 | G10: =E10*ALIQ_EMPRESA -> 130 | H10: =E10-F10 -> 578.5
B11: 45795 | C11: Carla Mendes | D11: 345.678.912-03 | E11: 650 | F11: =E11*ALIQ_AUTONOMO -> 71.5 | G11: =E11*ALIQ_EMPRESA -> 130 | H11: =E11-F11 -> 578.5
F12: =E12*ALIQ_AUTONOMO -> 0 | G12: =E12*ALIQ_EMPRESA -> 0 | H12: =E12-F12 -> 0
F13: =E13*ALIQ_AUTONOMO -> 0 | G13: =E13*ALIQ_EMPRESA -> 0 | H13: =E13-F13 -> 0
B14: TOTAL DO PERÍODO | E14: =SUM(E6:E13) -> 6850 | F14: =SUM(F6:F13) -> 753.5 | G14: =SUM(G6:G13) -> 1370 | H14: =SUM(H6:H13) -> 6096.5
B15: Alíquotas aplicadas: INSS autônomo = Parâmetros!C5 | INSS empresa = Parâmetros!C6

Sheet RPA-Jun2025
B2: RELATÓRIO DE PAGAMENTO DE RPA | F2: Mês / Ano
F3: 45809
B5: DATA | C5: NOME DO PRESTADOR | D5: CPF | E5: VALOR DO SERVIÇO | F5: INSS DESCONTADO | G5: INSS DA EMPRESA | H5: VALOR LÍQUIDO A PAGAR
B6: 45812 | C6: Helena Dias | D6: 789.123.456-07 | E6: 1750 | F6: =E6*ALIQ_AUTONOMO -> 192.5 | G6: =E6*ALIQ_EMPRESA -> 350 | H6: =E6-F6 -> 1557.5
B7: 45816 | C7: Fernanda Costa | D7: 567.891.234-05 | E7: 1200 | F7: =E7*ALIQ_AUTONOMO -> 132 | G7: =E7*ALIQ_EMPRESA -> 240 | H7: =E7-F7 -> 1068
B8: 45820 | C8: Bruno Lima | D8: 234.567.891-02 | E8: 850 | F8: =E8*ALIQ_AUTONOMO -> 93.5 | G8: =E8*ALIQ_EMPRESA -> 170 | H8: =E8-F8 -> 756.5
B9: 45823 | C9: Diego Alves | D9: 456.789.123-04 | E9: 850 | F9: =E9*ALIQ_AUTONOMO -> 93.5 | G9: =E9*ALIQ_EMPRESA -> 170 | H9: =E9-F9 -> 756.5
B10: 45825 | C10: Kevin Nunes | D10: 111.222.333-44 | E10: 1900 | F10: =E10*ALIQ_AUTONOMO -> 209 | G10: =E10*ALIQ_EMPRESA -> 380 | H10: =E10-F10 -> 1691
B11: 45828 | C11: Gustavo Rocha | D11: 678.912.345-06 | E11: 1900 | F11: =E11*ALIQ_AUTONOMO -> 209 | G11: =E11*ALIQ_EMPRESA -> 380 | H11: =E11-F11 -> 1691
F12: =E12*ALIQ_AUTONOMO -> 0 | G12: =E12*ALIQ_EMPRESA -> 0 | H12: =E12-F12 -> 0
F13: =E13*ALIQ_AUTONOMO -> 0 | G13: =E13*ALIQ_EMPRESA -> 0 | H13: =E13-F13 -> 0
B14: TOTAL DO PERÍODO | E14: =SUM(E6:E13) -> 8450 | F14: =SUM(F6:F13) -> 929.5 | G14: =SUM(G6:G13) -> 1690 | H14: =SUM(H6:H13) -> 7520.5
B15: Alíquotas aplicadas: INSS autônomo = Parâmetros!C5 | INSS empresa = Parâmetros!C6

Sheet RPA-Jul2025
B2: RELATÓRIO DE PAGAMENTO DE RPA | F2: Mês / Ano
F3: 45839
B5: DATA | C5: NOME DO PRESTADOR | D5: CPF | E5: VALOR DO SERVIÇO | F5: INSS DESCONTADO | G5: INSS DA EMPRESA | H5: VALOR LÍQUIDO A PAGAR
B6: 45841 | C6: Kevin Nunes | D6: 111.222.333-44 | E6: 650 | F6: =E6*ALIQ_AUTONOMO -> 71.5 | G6: =E6*ALIQ_EMPRESA -> 130 | H6: =E6-F6 -> 578.5
B7: 45842 | C7: Helena Dias | D7: 789.123.456-07 | E7: 850 | F7: =E7*ALIQ_AUTONOMO -> 93.5 | G7: =E7*ALIQ_EMPRESA -> 170 | H7: =E7-F7 -> 756.5
B8: 45844 | C8: Gustavo Rocha | D8: 678.912.345-06 | E8: 1750 | F8: =E8*ALIQ_AUTONOMO -> 192.5 | G8: =E8*ALIQ_EMPRESA -> 350 | H8: =E8-F8 -> 1557.5
B9: 45848 | C9: Diego Alves | D9: 456.789.123-04 | E9: 1600 | F9: =E9*ALIQ_AUTONOMO -> 176 | G9: =E9*ALIQ_EMPRESA -> 320 | H9: =E9-F9 -> 1424
B10: 45849 | C10: Carla Mendes | D10: 345.678.912-03 | E10: 1200 | F10: =E10*ALIQ_AUTONOMO -> 132 | G10: =E10*ALIQ_EMPRESA -> 240 | H10: =E10-F10 -> 1068
B11: 45853 | C11: Juliana Prado | D11: 912.345.678-09 | E11: 1600 | F11: =E11*ALIQ_AUTONOMO -> 176 | G11: =E11*ALIQ_EMPRESA -> 320 | H11: =E11-F11 -> 1424
B12: 45857 | C12: Igor Santos | D12: 891.234.567-08 | E12: 1480 | F12: =E12*ALIQ_AUTONOMO -> 162.8 | G12: =E12*ALIQ_EMPRESA -> 296 | H12: =E12-F12 -> 1317.2
F13: =E13*ALIQ_AUTONOMO -> 0 | G13: =E13*ALIQ_EMPRESA -> 0 | H13: =E13-F13 -> 0
B14: TOTAL DO PERÍODO | E14: =SUM(E6:E13) -> 9130 | F14: =SUM(F6:F13) -> 1004.3 | G14: =SUM(G6:G13) -> 1826 | H14: =SUM(H6:H13) -> 8125.7
B15: Alíquotas aplicadas: INSS autônomo = Parâmetros!C5 | INSS empresa = Parâmetros!C6

Sheet RPA-Ago2025
B2: RELATÓRIO DE PAGAMENTO DE RPA | F2: Mês / Ano
F3: 45870
B5: DATA | C5: NOME DO PRESTADOR | D5: CPF | E5: VALOR DO SERVIÇO | F5: INSS DESCONTADO | G5: INSS DA EMPRESA | H5: VALOR LÍQUIDO A PAGAR
B6: 45874 | C6: Juliana Prado | D6: 912.345.678-09 | E6: 780 | F6: =E6*ALIQ_AUTONOMO -> 85.8 | G6: =E6*ALIQ_EMPRESA -> 156 | H6: =E6-F6 -> 694.2
B7: 45877 | C7: Ana Souza | D7: 123.456.789-01 | E7: 1200 | F7: =E7*ALIQ_AUTONOMO -> 132 | G7: =E7*ALIQ_EMPRESA -> 240 | H7: =E7-F7 -> 1068
B8: 45879 | C8: Larissa Melo | D8: 222.333.444-55 | E8: 1350 | F8: =E8*ALIQ_AUTONOMO -> 148.5 | G8: =E8*ALIQ_EMPRESA -> 270 | H8: =E8-F8 -> 1201.5
B9: 45880 | C9: Bruno Lima | D9: 234.567.891-02 | E9: 1900 | F9: =E9*ALIQ_AUTONOMO -> 209 | G9: =E9*ALIQ_EMPRESA -> 380 | H9: =E9-F9 -> 1691
B10: 45883 | C10: Otávio Ramos | D10: 555.666.777-88 | E10: 1480 | F10: =E10*ALIQ_AUTONOMO -> 162.8 | G10: =E10*ALIQ_EMPRESA -> 296 | H10: =E10-F10 -> 1317.2
B11: 45885 | C11: Fernanda Costa | D11: 567.891.234-05 | E11: 1480 | F11: =E11*ALIQ_AUTONOMO -> 162.8 | G11: =E11*ALIQ_EMPRESA -> 296 | H11: =E11-F11 -> 1317.2
F12: =E12*ALIQ_AUTONOMO -> 0 | G12: =E12*ALIQ_EMPRESA -> 0 | H12: =E12-F12 -> 0
F13: =E13*ALIQ_AUTONOMO -> 0 | G13: =E13*ALIQ_EMPRESA -> 0 | H13: =E13-F13 -> 0
B14: TOTAL DO PERÍODO | E14: =SUM(E6:E13) -> 8190 | F14: =SUM(F6:F13) -> 900.9 | G14: =SUM(G6:G13) -> 1638 | H14: =SUM(H6:H13) -> 7289.1
B15: Alíquotas aplicadas: INSS autônomo = Parâmetros!C5 | INSS empresa = Parâmetros!C6

Sheet RPA-Set2025
B2: RELATÓRIO DE PAGAMENTO DE RPA | F2: Mês / Ano
F3: 45901
B5: DATA | C5: NOME DO PRESTADOR | D5: CPF | E5: VALOR DO SERVIÇO | F5: INSS DESCONTADO | G5: INSS DA EMPRESA | H5: VALOR LÍQUIDO A PAGAR
B6: 45904 | C6: Otávio Ramos | D6: 555.666.777-88 | E6: 850 | F6: =E6*ALIQ_AUTONOMO -> 93.5 | G6: =E6*ALIQ_EMPRESA -> 170 | H6: =E6-F6 -> 756.5
B7: 45907 | C7: Larissa Melo | D7: 222.333.444-55 | E7: 850 | F7: =E7*ALIQ_AUTONOMO -> 93.5 | G7: =E7*ALIQ_EMPRESA -> 170 | H7: =E7-F7 -> 756.5
B8: 45908 | C8: Fernanda Costa | D8: 567.891.234-05 | E8: 1600 | F8: =E8*ALIQ_AUTONOMO -> 176 | G8: =E8*ALIQ_EMPRESA -> 320 | H8: =E8-F8 -> 1424
B9: 45911 | C9: Natália Farias | D9: 444.555.666-77 | E9: 1350 | F9: =E9*ALIQ_AUTONOMO -> 148.5 | G9: =E9*ALIQ_EMPRESA -> 270 | H9: =E9-F9 -> 1201.5
F10: =E10*ALIQ_AUTONOMO -> 0 | G10: =E10*ALIQ_EMPRESA -> 0 | H10: =E10-F10 -> 0
F11: =E11*ALIQ_AUTONOMO -> 0 | G11: =E11*ALIQ_EMPRESA -> 0 | H11: =E11-F11 -> 0
F12: =E12*ALIQ_AUTONOMO -> 0 | G12: =E12*ALIQ_EMPRESA -> 0 | H12: =E12-F12 -> 0
F13: =E13*ALIQ_AUTONOMO -> 0 | G13: =E13*ALIQ_EMPRESA -> 0 | H13: =E13-F13 -> 0
B14: TOTAL DO PERÍODO | E14: =SUM(E6:E13) -> 4650 | F14: =SUM(F6:F13) -> 511.5 | G14: =SUM(G6:G13) -> 930 | H14: =SUM(H6:H13) -> 4138.5
B15: Alíquotas aplicadas: INSS autônomo = Parâmetros!C5 | INSS empresa = Parâmetros!C6

Sheet RPA-Out2025
B2: RELATÓRIO DE PAGAMENTO DE RPA | F2: Mês / Ano
F3: 45931
B5: DATA | C5: NOME DO PRESTADOR | D5: CPF | E5: VALOR DO SERVIÇO | F5: INSS DESCONTADO | G5: INSS DA EMPRESA | H5: VALOR LÍQUIDO A PAGAR
B6: 45933 | C6: Bruno Lima | D6: 234.567.891-02 | E6: 930 | F6: =E6*ALIQ_AUTONOMO -> 102.3 | G6: =E6*ALIQ_EMPRESA -> 186 | H6: =E6-F6 -> 827.7
B7: 45934 | C7: Gustavo Rocha | D7: 678.912.345-06 | E7: 780 | F7: =E7*ALIQ_AUTONOMO -> 85.8 | G7: =E7*ALIQ_EMPRESA -> 156 | H7: =E7-F7 -> 694.2
B8: 45938 | C8: Fernanda Costa | D8: 567.891.234-05 | E8: 780 | F8: =E8*ALIQ_AUTONOMO -> 85.8 | G8: =E8*ALIQ_EMPRESA -> 156 | H8: =E8-F8 -> 694.2
B9: 45940 | C9: Diego Alves | D9: 456.789.123-04 | E9: 850 | F9: =E9*ALIQ_AUTONOMO -> 93.5 | G9: =E9*ALIQ_EMPRESA -> 170 | H9: =E9-F9 -> 756.5
F10: =E10*ALIQ_AUTONOMO -> 0 | G10: =E10*ALIQ_EMPRESA -> 0 | H10: =E10-F10 -> 0
F11: =E11*ALIQ_AUTONOMO -> 0 | G11: =E11*ALIQ_EMPRESA -> 0 | H11: =E11-F11 -> 0
F12: =E12*ALIQ_AUTONOMO -> 0 | G12: =E12*ALIQ_EMPRESA -> 0 | H12: =E12-F12 -> 0
F13: =E13*ALIQ_AUTONOMO -> 0 | G13: =E13*ALIQ_EMPRESA -> 0 | H13: =E13-F13 -> 0
B14: TOTAL DO PERÍODO | E14: =SUM(E6:E13) -> 3340 | F14: =SUM(F6:F13) -> 367.4 | G14: =SUM(G6:G13) -> 668 | H14: =SUM(H6:H13) -> 2972.6
B15: Alíquotas aplicadas: INSS autônomo = Parâmetros!C5 | INSS empresa = Parâmetros!C6

Sheet RPA-Nov2025
B2: RELATÓRIO DE PAGAMENTO DE RPA | F2: Mês / Ano
F3: 45962
B5: DATA | C5: NOME DO PRESTADOR | D5: CPF | E5: VALOR DO SERVIÇO | F5: INSS DESCONTADO | G5: INSS DA EMPRESA | H5: VALOR LÍQUIDO A PAGAR
B6: 45965 | C6: Juliana Prado | D6: 912.345.678-09 | E6: 1900 | F6: =E6*ALIQ_AUTONOMO -> 209 | G6: =E6*ALIQ_EMPRESA -> 380 | H6: =E6-F6 -> 1691
B7: 45968 | C7: Carla Mendes | D7: 345.678.912-03 | E7: 1200 | F7: =E7*ALIQ_AUTONOMO -> 132 | G7: =E7*ALIQ_EMPRESA -> 240 | H7: =E7-F7 -> 1068
B8: 45971 | C8: Fernanda Costa | D8: 567.891.234-05 | E8: 1350 | F8: =E8*ALIQ_AUTONOMO -> 148.5 | G8: =E8*ALIQ_EMPRESA -> 270 | H8: =E8-F8 -> 1201.5
B9: 45975 | C9: Otávio Ramos | D9: 555.666.777-88 | E9: 780 | F9: =E9*ALIQ_AUTONOMO -> 85.8 | G9: =E9*ALIQ_EMPRESA -> 156 | H9: =E9-F9 -> 694.2
B10: 45977 | C10: Kevin Nunes | D10: 111.222.333-44 | E10: 930 | F10: =E10*ALIQ_AUTONOMO -> 102.3 | G10: =E10*ALIQ_EMPRESA -> 186 | H10: =E10-F10 -> 827.7
B11: 45978 | C11: Helena Dias | D11: 789.123.456-07 | E11: 1120 | F11: =E11*ALIQ_AUTONOMO -> 123.2 | G11: =E11*ALIQ_EMPRESA -> 224 | H11: =E11-F11 -> 996.8
B12: 45979 | C12: Diego Alves | D12: 456.789.123-04 | E12: 1600 | F12: =E12*ALIQ_AUTONOMO -> 176 | G12: =E12*ALIQ_EMPRESA -> 320 | H12: =E12-F12 -> 1424
F13: =E13*ALIQ_AUTONOMO -> 0 | G13: =E13*ALIQ_EMPRESA -> 0 | H13: =E13-F13 -> 0
B14: TOTAL DO PERÍODO | E14: =SUM(E6:E13) -> 8880 | F14: =SUM(F6:F13) -> 976.8 | G14: =SUM(G6:G13) -> 1776 | H14: =SUM(H6:H13) -> 7903.2
B15: Alíquotas aplicadas: INSS autônomo = Parâmetros!C5 | INSS empresa = Parâmetros!C6

Sheet RPA-Dez2025
B2: RELATÓRIO DE PAGAMENTO DE RPA | F2: Mês / Ano
F3: 45992
B5: DATA | C5: NOME DO PRESTADOR | D5: CPF | E5: VALOR DO SERVIÇO | F5: INSS DESCONTADO | G5: INSS DA EMPRESA | H5: VALOR LÍQUIDO A PAGAR
B6: 45995 | C6: Kevin Nunes | D6: 111.222.333-44 | E6: 780 | F6: =E6*ALIQ_AUTONOMO -> 85.8 | G6: =E6*ALIQ_EMPRESA -> 156 | H6: =E6-F6 -> 694.2
B7: 45996 | C7: Diego Alves | D7: 456.789.123-04 | E7: 1120 | F7: =E7*ALIQ_AUTONOMO -> 123.2 | G7: =E7*ALIQ_EMPRESA -> 224 | H7: =E7-F7 -> 996.8
B8: 45997 | C8: Ana Souza | D8: 123.456.789-01 | E8: 1480 | F8: =E8*ALIQ_AUTONOMO -> 162.8 | G8: =E8*ALIQ_EMPRESA -> 296 | H8: =E8-F8 -> 1317.2
B9: 45999 | C9: Bruno Lima | D9: 234.567.891-02 | E9: 1050 | F9: =E9*ALIQ_AUTONOMO -> 115.5 | G9: =E9*ALIQ_EMPRESA -> 210 | H9: =E9-F9 -> 934.5
B10: 46003 | C10: Marcos Vieira | D10: 333.444.555-66 | E10: 930 | F10: =E10*ALIQ_AUTONOMO -> 102.3 | G10: =E10*ALIQ_EMPRESA -> 186 | H10: =E10-F10 -> 827.7
F11: =E11*ALIQ_AUTONOMO -> 0 | G11: =E11*ALIQ_EMPRESA -> 0 | H11: =E11-F11 -> 0
F12: =E12*ALIQ_AUTONOMO -> 0 | G12: =E12*ALIQ_EMPRESA -> 0 | H12: =E12-F12 -> 0
F13: =E13*ALIQ_AUTONOMO -> 0 | G13: =E13*ALIQ_EMPRESA -> 0 | H13: =E13-F13 -> 0
B14: TOTAL DO PERÍODO | E14: =SUM(E6:E13) -> 5360 | F14: =SUM(F6:F13) -> 589.6 | G14: =SUM(G6:G13) -> 1072 | H14: =SUM(H6:H13) -> 4770.4
B15: Alíquotas aplicadas: INSS autônomo = Parâmetros!C5 | INSS empresa = Parâmetros!C6
